entry_id,URL,primary_keyword,secondary_keywords,page_type,cluster,word_count,internal_links,source,status,reviewer,notes
carpet-cleaning-bayswater,https://www.twinkleclean.com.au/carpet-cleaning-bayswater/,carpet cleaning bayswater,carpet cleaning in Bayswater; carpet steam cleaning Bayswater; professional carpet cleaners Bayswater; end of lease carpet cleaning Bayswater; pet stain and odour removal; commercial carpet cleaning Bayswater,service-location,service-location-carpet-cleaning,1064,3,approved,exported,,
carpet-cleaning-bentleigh,https://www.twinkleclean.com.au/carpet-cleaning-bentleigh/,carpet cleaning bentleigh,carpet cleaning in Bentleigh; carpet steam cleaning Bentleigh; professional carpet cleaners Bentleigh; end of lease carpet cleaning Bentleigh; pet stain and odour removal; commercial carpet cleaning Bentleigh,service-location,service-location-carpet-cleaning,989,3,approved,exported,,
carpet-cleaning-box-hill,https://www.twinkleclean.com.au/carpet-cleaning-box-hill/,carpet cleaning box hill,carpet cleaning in Box Hill; carpet steam cleaning Box Hill; professional carpet cleaners Box Hill; end of lease carpet cleaning Box Hill; pet stain and odour removal; commercial carpet cleaning Box Hill,service-location,service-location-carpet-cleaning,999,2,approved,exported,,
carpet-cleaning-burwood,https://www.twinkleclean.com.au/carpet-cleaning-burwood/,carpet cleaning burwood,carpet cleaning in Burwood; carpet steam cleaning Burwood; professional carpet cleaners Burwood; end of lease carpet cleaning Burwood; pet stain and odour removal; commercial carpet cleaning Burwood,service-location,service-location-carpet-cleaning,1052,2,approved,exported,,
carpet-cleaning-camberwell,https://www.twinkleclean.com.au/carpet-cleaning-camberwell/,carpet cleaning camberwell,carpet cleaning in Camberwell; carpet steam cleaning Camberwell; professional carpet cleaners Camberwell; end of lease carpet cleaning Camberwell; pet stain and odour removal; commercial carpet cleaning Camberwell,service-location,service-location-carpet-cleaning,1025,4,approved,exported,,
carpet-cleaning-caulfield,https://www.twinkleclean.com.au/carpet-cleaning-caulfield/,carpet cleaning caulfield,carpet cleaning in Caulfield; carpet steam cleaning Caulfield; professional carpet cleaners Caulfield; end of lease carpet cleaning Caulfield; pet stain and odour removal; commercial carpet cleaning Caulfield,service-location,service-location-carpet-cleaning,973,3,approved,exported,,
carpet-cleaning-cheltenham,https://www.twinkleclean.com.au/carpet-cleaning-cheltenham/,carpet cleaning cheltenham,carpet cleaning in Cheltenham; carpet steam cleaning Cheltenham; professional carpet cleaners Cheltenham; end of lease carpet cleaning Cheltenham; pet stain and odour removal; commercial carpet cleaning Cheltenham,service-location,service-location-carpet-cleaning,1017,2,approved,exported,,
carpet-cleaning-croydon,https://www.twinkleclean.com.au/carpet-cleaning-croydon/,carpet cleaning croydon,carpet cleaning in Croydon; carpet steam cleaning Croydon; professional carpet cleaners Croydon; end of lease carpet cleaning Croydon; pet stain and odour removal; commercial carpet cleaning Croydon,service-location,service-location-carpet-cleaning,1014,2,approved,exported,,
carpet-cleaning-dandenong,https://www.twinkleclean.com.au/carpet-cleaning-dandenong/,carpet cleaning dandenong,carpet cleaning in Dandenong; carpet steam cleaning Dandenong; professional carpet cleaners Dandenong; end of lease carpet cleaning Dandenong; pet stain and odour removal; commercial carpet cleaning Dandenong,service-location,service-location-carpet-cleaning,923,3,approved,exported,,
carpet-cleaning-glen-waverley,https://www.twinkleclean.com.au/carpet-cleaning-glen-waverley/,carpet cleaning glen waverley,carpet cleaning in Glen Waverley; carpet steam cleaning Glen Waverley; professional carpet cleaners Glen Waverley; end of lease carpet cleaning Glen Waverley; pet stain and odour removal; commercial carpet cleaning Glen Waverley,service-location,service-location-carpet-cleaning,1032,2,approved,exported,,
carpet-cleaning-hawthorn,https://www.twinkleclean.com.au/carpet-cleaning-hawthorn/,carpet cleaning hawthorn,carpet cleaning in Hawthorn; carpet steam cleaning Hawthorn; professional carpet cleaners Hawthorn; end of lease carpet cleaning Hawthorn; pet stain and odour removal; commercial carpet cleaning Hawthorn,service-location,service-location-carpet-cleaning,1015,2,approved,exported,,
carpet-cleaning-kew,https://www.twinkleclean.com.au/carpet-cleaning-kew/,carpet cleaning kew,carpet cleaning in Kew; carpet steam cleaning Kew; professional carpet cleaners Kew; end of lease carpet cleaning Kew; pet stain and odour removal; commercial carpet cleaning Kew,service-location,service-location-carpet-cleaning,1015,2,approved,exported,,
carpet-cleaning-malvern,https://www.twinkleclean.com.au/carpet-cleaning-malvern/,carpet cleaning malvern,carpet cleaning in Malvern; carpet steam cleaning Malvern; professional carpet cleaners Malvern; end of lease carpet cleaning Malvern; pet stain and odour removal; commercial carpet cleaning Malvern,service-location,service-location-carpet-cleaning,1018,2,approved,exported,,
carpet-cleaning-moorabbin,https://www.twinkleclean.com.au/carpet-cleaning-moorabbin/,carpet cleaning moorabbin,carpet cleaning in Moorabbin; carpet steam cleaning Moorabbin; professional carpet cleaners Moorabbin; end of lease carpet cleaning Moorabbin; pet stain and odour removal; commercial carpet cleaning Moorabbin,service-location,service-location-carpet-cleaning,1042,2,approved,exported,,
carpet-cleaning-mount-waverley,https://www.twinkleclean.com.au/carpet-cleaning-mount-waverley/,carpet cleaning mount waverley,carpet cleaning in Mount Waverley; carpet steam cleaning Mount Waverley; professional carpet cleaners Mount Waverley; end of lease carpet cleaning Mount Waverley; pet stain and odour removal; commercial carpet cleaning Mount Waverley,service-location,service-location-carpet-cleaning,1000,2,approved,exported,,
carpet-cleaning-noble-park,https://www.twinkleclean.com.au/carpet-cleaning-noble-park/,carpet cleaning noble park,carpet cleaning in Noble Park; carpet steam cleaning Noble Park; professional carpet cleaners Noble Park; end of lease carpet cleaning Noble Park; pet stain and odour removal; commercial carpet cleaning Noble Park,service-location,service-location-carpet-cleaning,1034,2,approved,exported,,
carpet-cleaning-oakleigh,https://www.twinkleclean.com.au/carpet-cleaning-oakleigh/,carpet cleaning oakleigh,carpet cleaning in Oakleigh; carpet steam cleaning Oakleigh; professional carpet cleaners Oakleigh; end of lease carpet cleaning Oakleigh; pet stain and odour removal; commercial carpet cleaning Oakleigh,service-location,service-location-carpet-cleaning,908,3,approved,exported,,
carpet-cleaning-richmond,https://www.twinkleclean.com.au/carpet-cleaning-richmond/,carpet cleaning richmond,carpet cleaning in Richmond; carpet steam cleaning Richmond; professional carpet cleaners Richmond; end of lease carpet cleaning Richmond; pet stain and odour removal; commercial carpet cleaning Richmond,service-location,service-location-carpet-cleaning,1024,2,approved,exported,,
carpet-cleaning-ringwood,https://www.twinkleclean.com.au/carpet-cleaning-ringwood/,carpet cleaning ringwood,carpet cleaning in Ringwood; carpet steam cleaning Ringwood; professional carpet cleaners Ringwood; end of lease carpet cleaning Ringwood; pet stain and odour removal; commercial carpet cleaning Ringwood,service-location,service-location-carpet-cleaning,1025,3,approved,exported,,
carpet-cleaning-rowville,https://www.twinkleclean.com.au/carpet-cleaning-rowville/,carpet cleaning rowville,carpet cleaning in Rowville; carpet steam cleaning Rowville; professional carpet cleaners Rowville; end of lease carpet cleaning Rowville; pet stain and odour removal; commercial carpet cleaning Rowville,service-location,service-location-carpet-cleaning,1022,2,approved,exported,,
carpet-cleaning,https://www.twinkleclean.com.au/carpet-cleaning/,carpet cleaning services melbourne,professional carpet cleaners in melbourne; residential and commercial carpet cleaning; office carpet steam cleaning,service,service-hubs,1360,20,approved,exported,,
commercial-cleaning-bayswater,https://www.twinkleclean.com.au/commercial-cleaning-bayswater/,commercial cleaning bayswater,commercial cleaning in Bayswater; office cleaning Bayswater; commercial cleaners Bayswater; commercial cleaning services Bayswater; after-hours commercial cleaning; after-hours office cleaning,service-location,service-location-commercial-cleaning,1112,2,approved,exported,,
commercial-cleaning-bentleigh,https://www.twinkleclean.com.au/commercial-cleaning-bentleigh/,commercial cleaning bentleigh,commercial cleaning in Bentleigh; office cleaning Bentleigh; commercial cleaners Bentleigh; commercial cleaning services Bentleigh; after-hours commercial cleaning; retail and shopfront cleaning,service-location,service-location-commercial-cleaning,1109,2,approved,exported,,
commercial-cleaning-blackburn,https://www.twinkleclean.com.au/commercial-cleaning-blackburn/,commercial cleaning blackburn,commercial cleaning in Blackburn; office cleaning Blackburn; commercial cleaners Blackburn; commercial cleaning services Blackburn; after-hours commercial cleaning; retail and shopfront cleaning,service-location,service-location-commercial-cleaning,1095,2,approved,exported,,
commercial-cleaning-box-hill,https://www.twinkleclean.com.au/commercial-cleaning-box-hill/,commercial cleaning box hill,commercial cleaning in Box Hill; office cleaning Box Hill; commercial cleaners Box Hill; commercial cleaning services Box Hill; after-hours commercial cleaning; after-hours office cleaning,service-location,service-location-commercial-cleaning,1190,2,approved,exported,,
commercial-cleaning-braeside,https://www.twinkleclean.com.au/commercial-cleaning-braeside/,commercial cleaning braeside,commercial cleaning in Braeside; office cleaning Braeside; commercial cleaners Braeside; commercial cleaning services Braeside; after-hours commercial cleaning; warehouse and factory cleaning,service-location,service-location-commercial-cleaning,918,3,approved,exported,,
commercial-cleaning-burwood,https://www.twinkleclean.com.au/commercial-cleaning-burwood/,commercial cleaning burwood,commercial cleaning in Burwood; office cleaning Burwood; commercial cleaners Burwood; commercial cleaning services Burwood; after-hours commercial cleaning; after-hours office cleaning,service-location,service-location-commercial-cleaning,1106,1,approved,exported,,
commercial-cleaning-camberwell,https://www.twinkleclean.com.au/commercial-cleaning-camberwell/,commercial cleaning camberwell,commercial cleaning in Camberwell; office cleaning Camberwell; commercial cleaners Camberwell; commercial cleaning services Camberwell; after-hours commercial cleaning; after-hours office cleaning,service-location,service-location-commercial-cleaning,1119,1,approved,exported,,
commercial-cleaning-carnegie,https://www.twinkleclean.com.au/commercial-cleaning-carnegie/,commercial cleaning carnegie,commercial cleaning in Carnegie; office cleaning Carnegie; commercial cleaners Carnegie; commercial cleaning services Carnegie; after-hours commercial cleaning; retail and shopfront cleaning,service-location,service-location-commercial-cleaning,1200,2,approved,exported,,
commercial-cleaning-caulfield,https://www.twinkleclean.com.au/commercial-cleaning-caulfield/,commercial cleaning caulfield,commercial cleaning in Caulfield; office cleaning Caulfield; commercial cleaners Caulfield; commercial cleaning services Caulfield; after-hours commercial cleaning; medical and aged care cleaning,service-location,service-location-commercial-cleaning,1044,3,approved,exported,,
commercial-cleaning-chadstone,https://www.twinkleclean.com.au/commercial-cleaning-chadstone/,commercial cleaning chadstone,commercial cleaning in Chadstone; office cleaning Chadstone; commercial cleaners Chadstone; commercial cleaning services Chadstone; after-hours commercial cleaning; retail and shopfront cleaning,service-location,service-location-commercial-cleaning,1051,3,approved,exported,,
commercial-cleaning-cheltenham,https://www.twinkleclean.com.au/commercial-cleaning-cheltenham/,commercial cleaning cheltenham,commercial cleaning in Cheltenham; office cleaning Cheltenham; commercial cleaners Cheltenham; commercial cleaning services Cheltenham; after-hours commercial cleaning; retail and shopfront cleaning,service-location,service-location-commercial-cleaning,1227,2,approved,exported,,
commercial-cleaning-clayton,https://www.twinkleclean.com.au/commercial-cleaning-clayton/,commercial cleaning clayton,commercial cleaning in Clayton; office cleaning Clayton; commercial cleaners Clayton; commercial cleaning services Clayton; after-hours commercial cleaning; after-hours office cleaning,service-location,service-location-commercial-cleaning,1233,2,approved,exported,,
commercial-cleaning-collingwood,https://www.twinkleclean.com.au/commercial-cleaning-collingwood/,commercial cleaning collingwood,commercial cleaning in Collingwood; office cleaning Collingwood; commercial cleaners Collingwood; commercial cleaning services Collingwood; after-hours commercial cleaning; warehouse and factory cleaning,service-location,service-location-commercial-cleaning,1047,2,approved,exported,,
commercial-cleaning-croydon,https://www.twinkleclean.com.au/commercial-cleaning-croydon/,commercial cleaning croydon,commercial cleaning in Croydon; office cleaning Croydon; commercial cleaners Croydon; commercial cleaning services Croydon; after-hours commercial cleaning; retail and shopfront cleaning,service-location,service-location-commercial-cleaning,1390,2,approved,exported,,
commercial-cleaning-dandenong,https://www.twinkleclean.com.au/commercial-cleaning-dandenong/,commercial cleaning dandenong,commercial cleaning in Dandenong; office cleaning Dandenong; commercial cleaners Dandenong; commercial cleaning services Dandenong; after-hours commercial cleaning; warehouse and factory cleaning,service-location,service-location-commercial-cleaning,1052,2,approved,exported,,
commercial-cleaning-docklands,https://www.twinkleclean.com.au/commercial-cleaning-docklands/,commercial cleaning docklands,commercial cleaning in Docklands; office cleaning Docklands; commercial cleaners Docklands; commercial cleaning services Docklands; after-hours commercial cleaning; after-hours office cleaning,service-location,service-location-commercial-cleaning,1001,4,approved,exported,,
commercial-cleaning-doncaster,https://www.twinkleclean.com.au/commercial-cleaning-doncaster/,commercial cleaning doncaster,commercial cleaning in Doncaster; office cleaning Doncaster; commercial cleaners Doncaster; commercial cleaning services Doncaster; after-hours commercial cleaning; retail and shopfront cleaning,service-location,service-location-commercial-cleaning,1054,1,approved,exported,,
commercial-cleaning-glen-waverley,https://www.twinkleclean.com.au/commercial-cleaning-glen-waverley/,commercial cleaning glen waverley,commercial cleaning in Glen Waverley; office cleaning Glen Waverley; commercial cleaners Glen Waverley; commercial cleaning services Glen Waverley; after-hours commercial cleaning; after-hours office cleaning,service-location,service-location-commercial-cleaning,1300,2,approved,exported,,
commercial-cleaning-hawthorn,https://www.twinkleclean.com.au/commercial-cleaning-hawthorn/,commercial cleaning hawthorn,commercial cleaning in Hawthorn; office cleaning Hawthorn; commercial cleaners Hawthorn; commercial cleaning services Hawthorn; after-hours commercial cleaning; after-hours office cleaning,service-location,service-location-commercial-cleaning,1151,1,approved,exported,,
commercial-cleaning-kew,https://www.twinkleclean.com.au/commercial-cleaning-kew/,commercial cleaning kew,commercial cleaning in Kew; office cleaning Kew; commercial cleaners Kew; commercial cleaning services Kew; after-hours commercial cleaning; medical and aged care cleaning,service-location,service-location-commercial-cleaning,1166,1,approved,exported,,
commercial-cleaning-keysborough,https://www.twinkleclean.com.au/commercial-cleaning-keysborough/,commercial cleaning keysborough,commercial cleaning in Keysborough; office cleaning Keysborough; commercial cleaners Keysborough; commercial cleaning services Keysborough; after-hours commercial cleaning; retail and shopfront cleaning,service-location,service-location-commercial-cleaning,1095,2,approved,exported,,
commercial-cleaning-malvern,https://www.twinkleclean.com.au/commercial-cleaning-malvern/,commercial cleaning malvern,commercial cleaning in Malvern; office cleaning Malvern; commercial cleaners Malvern; commercial cleaning services Malvern; after-hours commercial cleaning; retail and shopfront cleaning,service-location,service-location-commercial-cleaning,1112,2,approved,exported,,
commercial-cleaning-melbourne-cbd,https://www.twinkleclean.com.au/commercial-cleaning-melbourne-cbd/,commercial cleaning melbourne cbd,commercial cleaning in Melbourne CBD; office cleaning Melbourne CBD; commercial cleaners Melbourne CBD; commercial cleaning services Melbourne CBD; after-hours commercial cleaning; after-hours office cleaning,service-location,service-location-commercial-cleaning,1045,5,approved,exported,,
commercial-cleaning-mitcham,https://www.twinkleclean.com.au/commercial-cleaning-mitcham/,commercial cleaning mitcham,commercial cleaning in Mitcham; office cleaning Mitcham; commercial cleaners Mitcham; commercial cleaning services Mitcham; after-hours commercial cleaning; retail and shopfront cleaning,service-location,service-location-commercial-cleaning,1114,2,approved,exported,,
commercial-cleaning-moorabbin,https://www.twinkleclean.com.au/commercial-cleaning-moorabbin/,commercial cleaning moorabbin,commercial cleaning in Moorabbin; office cleaning Moorabbin; commercial cleaners Moorabbin; commercial cleaning services Moorabbin; after-hours commercial cleaning; warehouse and factory cleaning,service-location,service-location-commercial-cleaning,1198,2,approved,exported,,
commercial-cleaning-mount-waverley,https://www.twinkleclean.com.au/commercial-cleaning-mount-waverley/,commercial cleaning mount waverley,commercial cleaning in Mount Waverley; office cleaning Mount Waverley; commercial cleaners Mount Waverley; commercial cleaning services Mount Waverley; after-hours commercial cleaning; after-hours office cleaning,service-location,service-location-commercial-cleaning,1218,2,approved,exported,,
commercial-cleaning-mulgrave,https://www.twinkleclean.com.au/commercial-cleaning-mulgrave/,commercial cleaning mulgrave,commercial cleaning in Mulgrave; office cleaning Mulgrave; commercial cleaners Mulgrave; commercial cleaning services Mulgrave; after-hours commercial cleaning; retail and shopfront cleaning,service-location,service-location-commercial-cleaning,1051,2,approved,exported,,
commercial-cleaning-noble-park,https://www.twinkleclean.com.au/commercial-cleaning-noble-park/,commercial cleaning noble park,commercial cleaning in Noble Park; office cleaning Noble Park; commercial cleaners Noble Park; commercial cleaning services Noble Park; after-hours commercial cleaning; after-hours office cleaning,service-location,service-location-commercial-cleaning,1132,2,approved,exported,,
commercial-cleaning-nunawading,https://www.twinkleclean.com.au/commercial-cleaning-nunawading/,commercial cleaning nunawading,commercial cleaning in Nunawading; office cleaning Nunawading; commercial cleaners Nunawading; commercial cleaning services Nunawading; after-hours commercial cleaning; retail and shopfront cleaning,service-location,service-location-commercial-cleaning,1125,2,approved,exported,,
commercial-cleaning-oakleigh,https://www.twinkleclean.com.au/commercial-cleaning-oakleigh/,commercial cleaning oakleigh,commercial cleaning in Oakleigh; office cleaning Oakleigh; commercial cleaners Oakleigh; commercial cleaning services Oakleigh; after-hours commercial cleaning; after-hours office cleaning,service-location,service-location-commercial-cleaning,1147,2,approved,exported,,
commercial-cleaning-port-melbourne,https://www.twinkleclean.com.au/commercial-cleaning-port-melbourne/,commercial cleaning port melbourne,commercial cleaning in Port Melbourne; office cleaning Port Melbourne; commercial cleaners Port Melbourne; commercial cleaning services Port Melbourne; after-hours commercial cleaning; cafe and restaurant cleaning,service-location,service-location-commercial-cleaning,994,4,approved,exported,,
commercial-cleaning-richmond,https://www.twinkleclean.com.au/commercial-cleaning-richmond/,commercial cleaning richmond,commercial cleaning in Richmond; office cleaning Richmond; commercial cleaners Richmond; commercial cleaning services Richmond; after-hours commercial cleaning; after-hours office cleaning,service-location,service-location-commercial-cleaning,1132,2,approved,exported,,
commercial-cleaning-ringwood,https://www.twinkleclean.com.au/commercial-cleaning-ringwood/,commercial cleaning ringwood,commercial cleaning in Ringwood; office cleaning Ringwood; commercial cleaners Ringwood; commercial cleaning services Ringwood; after-hours commercial cleaning; retail and shopfront cleaning,service-location,service-location-commercial-cleaning,1086,2,approved,exported,,
commercial-cleaning-rowville,https://www.twinkleclean.com.au/commercial-cleaning-rowville/,commercial cleaning rowville,commercial cleaning in Rowville; office cleaning Rowville; commercial cleaners Rowville; commercial cleaning services Rowville; after-hours commercial cleaning; warehouse and factory cleaning,service-location,service-location-commercial-cleaning,1137,2,approved,exported,,
commercial-cleaning-scoresby,https://www.twinkleclean.com.au/commercial-cleaning-scoresby/,commercial cleaning scoresby,commercial cleaning in Scoresby; office cleaning Scoresby; commercial cleaners Scoresby; commercial cleaning services Scoresby; after-hours commercial cleaning; retail and shopfront cleaning,service-location,service-location-commercial-cleaning,1151,2,approved,exported,,
commercial-cleaning-south-melbourne,https://www.twinkleclean.com.au/commercial-cleaning-south-melbourne/,commercial cleaning south melbourne,commercial cleaning in South Melbourne; office cleaning South Melbourne; commercial cleaners South Melbourne; commercial cleaning services South Melbourne; after-hours commercial cleaning; after-hours office cleaning,service-location,service-location-commercial-cleaning,1215,4,approved,exported,,
commercial-cleaning-south-yarra,https://www.twinkleclean.com.au/commercial-cleaning-south-yarra/,commercial cleaning south yarra,commercial cleaning in South Yarra; office cleaning South Yarra; commercial cleaners South Yarra; commercial cleaning services South Yarra; after-hours commercial cleaning; retail and shopfront cleaning,service-location,service-location-commercial-cleaning,1058,2,approved,exported,,
commercial-cleaning-southbank,https://www.twinkleclean.com.au/commercial-cleaning-southbank/,commercial cleaning southbank,commercial cleaning in Southbank; office cleaning Southbank; commercial cleaners Southbank; commercial cleaning services Southbank; after-hours commercial cleaning; after-hours office cleaning,service-location,service-location-commercial-cleaning,1229,4,approved,exported,,
commercial-cleaning-springvale,https://www.twinkleclean.com.au/commercial-cleaning-springvale/,commercial cleaning springvale,commercial cleaning in Springvale; office cleaning Springvale; commercial cleaners Springvale; commercial cleaning services Springvale; after-hours commercial cleaning; retail and shopfront cleaning,service-location,service-location-commercial-cleaning,1001,3,approved,exported,,
commercial-cleaning-wantirna,https://www.twinkleclean.com.au/commercial-cleaning-wantirna/,commercial cleaning wantirna,commercial cleaning in Wantirna; office cleaning Wantirna; commercial cleaners Wantirna; commercial cleaning services Wantirna; after-hours commercial cleaning; retail and shopfront cleaning,service-location,service-location-commercial-cleaning,1167,2,approved,exported,,
commercial-cleaning,https://www.twinkleclean.com.au/commercial-cleaning/,commercial cleaning services melbourne,commercial cleaners in melbourne; best commercial cleaning service,service,service-hubs,1535,40,approved,exported,,
homepage,https://www.twinkleclean.com.au/,commercial cleaning company melbourne,office cleaning agency in melbourne; commercial cleaning services provider in melbourne,homepage,homepage,875,2,approved,exported,,
