URL,Keywords,Supporting Keywords
,,
https://globallocksmiths.com.au/smart-lock-installation-melbourne/,smart lock installation melbourne,"Keyless entry systems, Fingerprint door lock installation, Smart deadbolt installation, Electronic door lock fitting, Biometric door lock setup, Keypad deadbolt upgrade, WiFi door lock installation, Smart lock app configuration, Door prep and mounting, Smart lock Wi-Fi setup, Multi-user access control setup, Door hardware installation, High-security lock systems, Smart home security upgrade, Residential locksmith service, Commercial smart lock installation, Front entrance smart lock, Automated door lock system, Professional lock installation"
https://globallocksmiths.com.au/smart-lock-installation-south-melbourne/,smart lock installation south melbourne,"Keyless entry systems, Fingerprint door lock installation, Smart deadbolt installation, Electronic door lock fitting, Biometric door lock setup, Keypad deadbolt upgrade, WiFi door lock installation, Smart lock app configuration, Door prep and mounting, Smart lock Wi-Fi setup, Multi-user access control setup, Door hardware installation, High-security lock systems, Smart home security upgrade, Residential locksmith service, Commercial smart lock installation, Front entrance smart lock, Automated door lock system, Professional lock installation"
https://globallocksmiths.com.au/smart-lock-installation-south-yarra/,smart lock installation south yarra,"Keyless entry systems, Fingerprint door lock installation, Smart deadbolt installation, Electronic door lock fitting, Biometric door lock setup, Keypad deadbolt upgrade, WiFi door lock installation, Smart lock app configuration, Door prep and mounting, Smart lock Wi-Fi setup, Multi-user access control setup, Door hardware installation, High-security lock systems, Smart home security upgrade, Residential locksmith service, Commercial smart lock installation, Front entrance smart lock, Automated door lock system, Professional lock installation"
https://globallocksmiths.com.au/smart-lock-installation-port-melbourne/,smart lock installation port melbourne,"Keyless entry systems, Fingerprint door lock installation, Smart deadbolt installation, Electronic door lock fitting, Biometric door lock setup, Keypad deadbolt upgrade, WiFi door lock installation, Smart lock app configuration, Door prep and mounting, Smart lock Wi-Fi setup, Multi-user access control setup, Door hardware installation, High-security lock systems, Smart home security upgrade, Residential locksmith service, Commercial smart lock installation, Front entrance smart lock, Automated door lock system, Professional lock installation"
https://globallocksmiths.com.au/smart-lock-installation-docklands/,smart lock installation docklands,"Keyless entry systems, Fingerprint door lock installation, Smart deadbolt installation, Electronic door lock fitting, Biometric door lock setup, Keypad deadbolt upgrade, WiFi door lock installation, Smart lock app configuration, Door prep and mounting, Smart lock Wi-Fi setup, Multi-user access control setup, Door hardware installation, High-security lock systems, Smart home security upgrade, Residential locksmith service, Commercial smart lock installation, Front entrance smart lock, Automated door lock system, Professional lock installation"
https://globallocksmiths.com.au/smart-lock-installation-richmond/,smart lock installation richmond,"Keyless entry systems, Fingerprint door lock installation, Smart deadbolt installation, Electronic door lock fitting, Biometric door lock setup, Keypad deadbolt upgrade, WiFi door lock installation, Smart lock app configuration, Door prep and mounting, Smart lock Wi-Fi setup, Multi-user access control setup, Door hardware installation, High-security lock systems, Smart home security upgrade, Residential locksmith service, Commercial smart lock installation, Front entrance smart lock, Automated door lock system, Professional lock installation"
https://globallocksmiths.com.au/smart-lock-installation-toorak/,smart lock installation toorak,"Keyless entry systems, Fingerprint door lock installation, Smart deadbolt installation, Electronic door lock fitting, Biometric door lock setup, Keypad deadbolt upgrade, WiFi door lock installation, Smart lock app configuration, Door prep and mounting, Smart lock Wi-Fi setup, Multi-user access control setup, Door hardware installation, High-security lock systems, Smart home security upgrade, Residential locksmith service, Commercial smart lock installation, Front entrance smart lock, Automated door lock system, Professional lock installation"
https://globallocksmiths.com.au/smart-lock-installation-prahran/,smart lock installation prahran,"Keyless entry systems, Fingerprint door lock installation, Smart deadbolt installation, Electronic door lock fitting, Biometric door lock setup, Keypad deadbolt upgrade, WiFi door lock installation, Smart lock app configuration, Door prep and mounting, Smart lock Wi-Fi setup, Multi-user access control setup, Door hardware installation, High-security lock systems, Smart home security upgrade, Residential locksmith service, Commercial smart lock installation, Front entrance smart lock, Automated door lock system, Professional lock installation"
https://globallocksmiths.com.au/smart-lock-installation-st-kilda/,smart lock installation st kilda,"Keyless entry systems, Fingerprint door lock installation, Smart deadbolt installation, Electronic door lock fitting, Biometric door lock setup, Keypad deadbolt upgrade, WiFi door lock installation, Smart lock app configuration, Door prep and mounting, Smart lock Wi-Fi setup, Multi-user access control setup, Door hardware installation, High-security lock systems, Smart home security upgrade, Residential locksmith service, Commercial smart lock installation, Front entrance smart lock, Automated door lock system, Professional lock installation"
https://globallocksmiths.com.au/smart-lock-installation-brighton/,smart lock installation brighton,"Keyless entry systems, Fingerprint door lock installation, Smart deadbolt installation, Electronic door lock fitting, Biometric door lock setup, Keypad deadbolt upgrade, WiFi door lock installation, Smart lock app configuration, Door prep and mounting, Smart lock Wi-Fi setup, Multi-user access control setup, Door hardware installation, High-security lock systems, Smart home security upgrade, Residential locksmith service, Commercial smart lock installation, Front entrance smart lock, Automated door lock system, Professional lock installation"
https://globallocksmiths.com.au/smart-lock-installation-hawthorn/,smart lock installation hawthorn,"Keyless entry systems, Fingerprint door lock installation, Smart deadbolt installation, Electronic door lock fitting, Biometric door lock setup, Keypad deadbolt upgrade, WiFi door lock installation, Smart lock app configuration, Door prep and mounting, Smart lock Wi-Fi setup, Multi-user access control setup, Door hardware installation, High-security lock systems, Smart home security upgrade, Residential locksmith service, Commercial smart lock installation, Front entrance smart lock, Automated door lock system, Professional lock installation"
https://globallocksmiths.com.au/smart-lock-installation-kew/,smart lock installation kew,"Keyless entry systems, Fingerprint door lock installation, Smart deadbolt installation, Electronic door lock fitting, Biometric door lock setup, Keypad deadbolt upgrade, WiFi door lock installation, Smart lock app configuration, Door prep and mounting, Smart lock Wi-Fi setup, Multi-user access control setup, Door hardware installation, High-security lock systems, Smart home security upgrade, Residential locksmith service, Commercial smart lock installation, Front entrance smart lock, Automated door lock system, Professional lock installation"
https://globallocksmiths.com.au/smart-lock-installation-essendon/,smart lock installation essendon,"Keyless entry systems, Fingerprint door lock installation, Smart deadbolt installation, Electronic door lock fitting, Biometric door lock setup, Keypad deadbolt upgrade, WiFi door lock installation, Smart lock app configuration, Door prep and mounting, Smart lock Wi-Fi setup, Multi-user access control setup, Door hardware installation, High-security lock systems, Smart home security upgrade, Residential locksmith service, Commercial smart lock installation, Front entrance smart lock, Automated door lock system, Professional lock installation"
https://globallocksmiths.com.au/smart-lock-installation-moonee-ponds/,smart lock installation moonee ponds,"Keyless entry systems, Fingerprint door lock installation, Smart deadbolt installation, Electronic door lock fitting, Biometric door lock setup, Keypad deadbolt upgrade, WiFi door lock installation, Smart lock app configuration, Door prep and mounting, Smart lock Wi-Fi setup, Multi-user access control setup, Door hardware installation, High-security lock systems, Smart home security upgrade, Residential locksmith service, Commercial smart lock installation, Front entrance smart lock, Automated door lock system, Professional lock installation"
https://globallocksmiths.com.au/smart-lock-installation-ascot-vale/,smart lock installation ascot vale,"Keyless entry systems, Fingerprint door lock installation, Smart deadbolt installation, Electronic door lock fitting, Biometric door lock setup, Keypad deadbolt upgrade, WiFi door lock installation, Smart lock app configuration, Door prep and mounting, Smart lock Wi-Fi setup, Multi-user access control setup, Door hardware installation, High-security lock systems, Smart home security upgrade, Residential locksmith service, Commercial smart lock installation, Front entrance smart lock, Automated door lock system, Professional lock installation"
https://globallocksmiths.com.au/smart-lock-installation-kensington/,smart lock installation kensington,"Keyless entry systems, Fingerprint door lock installation, Smart deadbolt installation, Electronic door lock fitting, Biometric door lock setup, Keypad deadbolt upgrade, WiFi door lock installation, Smart lock app configuration, Door prep and mounting, Smart lock Wi-Fi setup, Multi-user access control setup, Door hardware installation, High-security lock systems, Smart home security upgrade, Residential locksmith service, Commercial smart lock installation, Front entrance smart lock, Automated door lock system, Professional lock installation"
https://globallocksmiths.com.au/smart-lock-installation-flemington/,smart lock installation flemington,"Keyless entry systems, Fingerprint door lock installation, Smart deadbolt installation, Electronic door lock fitting, Biometric door lock setup, Keypad deadbolt upgrade, WiFi door lock installation, Smart lock app configuration, Door prep and mounting, Smart lock Wi-Fi setup, Multi-user access control setup, Door hardware installation, High-security lock systems, Smart home security upgrade, Residential locksmith service, Commercial smart lock installation, Front entrance smart lock, Automated door lock system, Professional lock installation"
https://globallocksmiths.com.au/smart-lock-installation-footscray/,smart lock installation footscray,"Keyless entry systems, Fingerprint door lock installation, Smart deadbolt installation, Electronic door lock fitting, Biometric door lock setup, Keypad deadbolt upgrade, WiFi door lock installation, Smart lock app configuration, Door prep and mounting, Smart lock Wi-Fi setup, Multi-user access control setup, Door hardware installation, High-security lock systems, Smart home security upgrade, Residential locksmith service, Commercial smart lock installation, Front entrance smart lock, Automated door lock system, Professional lock installation"
https://globallocksmiths.com.au/smart-lock-installation-yarraville/,smart lock installation yarraville,"Keyless entry systems, Fingerprint door lock installation, Smart deadbolt installation, Electronic door lock fitting, Biometric door lock setup, Keypad deadbolt upgrade, WiFi door lock installation, Smart lock app configuration, Door prep and mounting, Smart lock Wi-Fi setup, Multi-user access control setup, Door hardware installation, High-security lock systems, Smart home security upgrade, Residential locksmith service, Commercial smart lock installation, Front entrance smart lock, Automated door lock system, Professional lock installation"
https://globallocksmiths.com.au/smart-lock-installation-seddon/,smart lock installation seddon,"Keyless entry systems, Fingerprint door lock installation, Smart deadbolt installation, Electronic door lock fitting, Biometric door lock setup, Keypad deadbolt upgrade, WiFi door lock installation, Smart lock app configuration, Door prep and mounting, Smart lock Wi-Fi setup, Multi-user access control setup, Door hardware installation, High-security lock systems, Smart home security upgrade, Residential locksmith service, Commercial smart lock installation, Front entrance smart lock, Automated door lock system, Professional lock installation"
https://globallocksmiths.com.au/smart-lock-installation-kingsville/,smart lock installation kingsville,"Keyless entry systems, Fingerprint door lock installation, Smart deadbolt installation, Electronic door lock fitting, Biometric door lock setup, Keypad deadbolt upgrade, WiFi door lock installation, Smart lock app configuration, Door prep and mounting, Smart lock Wi-Fi setup, Multi-user access control setup, Door hardware installation, High-security lock systems, Smart home security upgrade, Residential locksmith service, Commercial smart lock installation, Front entrance smart lock, Automated door lock system, Professional lock installation"
https://globallocksmiths.com.au/smart-lock-installation-spotswood/,smart lock installation spotswood,"Keyless entry systems, Fingerprint door lock installation, Smart deadbolt installation, Electronic door lock fitting, Biometric door lock setup, Keypad deadbolt upgrade, WiFi door lock installation, Smart lock app configuration, Door prep and mounting, Smart lock Wi-Fi setup, Multi-user access control setup, Door hardware installation, High-security lock systems, Smart home security upgrade, Residential locksmith service, Commercial smart lock installation, Front entrance smart lock, Automated door lock system, Professional lock installation"
https://globallocksmiths.com.au/smart-lock-installation-newport/,smart lock installation newport,"Keyless entry systems, Fingerprint door lock installation, Smart deadbolt installation, Electronic door lock fitting, Biometric door lock setup, Keypad deadbolt upgrade, WiFi door lock installation, Smart lock app configuration, Door prep and mounting, Smart lock Wi-Fi setup, Multi-user access control setup, Door hardware installation, High-security lock systems, Smart home security upgrade, Residential locksmith service, Commercial smart lock installation, Front entrance smart lock, Automated door lock system, Professional lock installation"
https://globallocksmiths.com.au/smart-lock-installation-williamstown/,smart lock installation williamstown,"Keyless entry systems, Fingerprint door lock installation, Smart deadbolt installation, Electronic door lock fitting, Biometric door lock setup, Keypad deadbolt upgrade, WiFi door lock installation, Smart lock app configuration, Door prep and mounting, Smart lock Wi-Fi setup, Multi-user access control setup, Door hardware installation, High-security lock systems, Smart home security upgrade, Residential locksmith service, Commercial smart lock installation, Front entrance smart lock, Automated door lock system, Professional lock installation"
https://globallocksmiths.com.au/smart-lock-installation-altona/,smart lock installation altona,"Keyless entry systems, Fingerprint door lock installation, Smart deadbolt installation, Electronic door lock fitting, Biometric door lock setup, Keypad deadbolt upgrade, WiFi door lock installation, Smart lock app configuration, Door prep and mounting, Smart lock Wi-Fi setup, Multi-user access control setup, Door hardware installation, High-security lock systems, Smart home security upgrade, Residential locksmith service, Commercial smart lock installation, Front entrance smart lock, Automated door lock system, Professional lock installation"
https://globallocksmiths.com.au/smart-lock-installation-altona-north/,smart lock installation altona north,"Keyless entry systems, Fingerprint door lock installation, Smart deadbolt installation, Electronic door lock fitting, Biometric door lock setup, Keypad deadbolt upgrade, WiFi door lock installation, Smart lock app configuration, Door prep and mounting, Smart lock Wi-Fi setup, Multi-user access control setup, Door hardware installation, High-security lock systems, Smart home security upgrade, Residential locksmith service, Commercial smart lock installation, Front entrance smart lock, Automated door lock system, Professional lock installation"
https://globallocksmiths.com.au/smart-lock-installation-maribyrnong/,smart lock installation maribyrnong,"Keyless entry systems, Fingerprint door lock installation, Smart deadbolt installation, Electronic door lock fitting, Biometric door lock setup, Keypad deadbolt upgrade, WiFi door lock installation, Smart lock app configuration, Door prep and mounting, Smart lock Wi-Fi setup, Multi-user access control setup, Door hardware installation, High-security lock systems, Smart home security upgrade, Residential locksmith service, Commercial smart lock installation, Front entrance smart lock, Automated door lock system, Professional lock installation"
https://globallocksmiths.com.au/smart-lock-installation-maidstone/,smart lock installation maidstone,"Keyless entry systems, Fingerprint door lock installation, Smart deadbolt installation, Electronic door lock fitting, Biometric door lock setup, Keypad deadbolt upgrade, WiFi door lock installation, Smart lock app configuration, Door prep and mounting, Smart lock Wi-Fi setup, Multi-user access control setup, Door hardware installation, High-security lock systems, Smart home security upgrade, Residential locksmith service, Commercial smart lock installation, Front entrance smart lock, Automated door lock system, Professional lock installation"
https://globallocksmiths.com.au/smart-lock-installation-braybrook/,smart lock installation braybrook,"Keyless entry systems, Fingerprint door lock installation, Smart deadbolt installation, Electronic door lock fitting, Biometric door lock setup, Keypad deadbolt upgrade, WiFi door lock installation, Smart lock app configuration, Door prep and mounting, Smart lock Wi-Fi setup, Multi-user access control setup, Door hardware installation, High-security lock systems, Smart home security upgrade, Residential locksmith service, Commercial smart lock installation, Front entrance smart lock, Automated door lock system, Professional lock installation"
https://globallocksmiths.com.au/smart-lock-installation-sunshine/,smart lock installation sunshine,"Keyless entry systems, Fingerprint door lock installation, Smart deadbolt installation, Electronic door lock fitting, Biometric door lock setup, Keypad deadbolt upgrade, WiFi door lock installation, Smart lock app configuration, Door prep and mounting, Smart lock Wi-Fi setup, Multi-user access control setup, Door hardware installation, High-security lock systems, Smart home security upgrade, Residential locksmith service, Commercial smart lock installation, Front entrance smart lock, Automated door lock system, Professional lock installation"
https://globallocksmiths.com.au/smart-lock-installation-sunshine-west/,smart lock installation sunshine west,"Keyless entry systems, Fingerprint door lock installation, Smart deadbolt installation, Electronic door lock fitting, Biometric door lock setup, Keypad deadbolt upgrade, WiFi door lock installation, Smart lock app configuration, Door prep and mounting, Smart lock Wi-Fi setup, Multi-user access control setup, Door hardware installation, High-security lock systems, Smart home security upgrade, Residential locksmith service, Commercial smart lock installation, Front entrance smart lock, Automated door lock system, Professional lock installation"
https://globallocksmiths.com.au/smart-lock-installation-deer-park/,smart lock installation deer park,"Keyless entry systems, Fingerprint door lock installation, Smart deadbolt installation, Electronic door lock fitting, Biometric door lock setup, Keypad deadbolt upgrade, WiFi door lock installation, Smart lock app configuration, Door prep and mounting, Smart lock Wi-Fi setup, Multi-user access control setup, Door hardware installation, High-security lock systems, Smart home security upgrade, Residential locksmith service, Commercial smart lock installation, Front entrance smart lock, Automated door lock system, Professional lock installation"
https://globallocksmiths.com.au/smart-lock-installation-st-albans/,smart lock installation st albans,"Keyless entry systems, Fingerprint door lock installation, Smart deadbolt installation, Electronic door lock fitting, Biometric door lock setup, Keypad deadbolt upgrade, WiFi door lock installation, Smart lock app configuration, Door prep and mounting, Smart lock Wi-Fi setup, Multi-user access control setup, Door hardware installation, High-security lock systems, Smart home security upgrade, Residential locksmith service, Commercial smart lock installation, Front entrance smart lock, Automated door lock system, Professional lock installation"
https://globallocksmiths.com.au/smart-lock-installation-caroline-springs/,smart lock installation caroline springs,"Keyless entry systems, Fingerprint door lock installation, Smart deadbolt installation, Electronic door lock fitting, Biometric door lock setup, Keypad deadbolt upgrade, WiFi door lock installation, Smart lock app configuration, Door prep and mounting, Smart lock Wi-Fi setup, Multi-user access control setup, Door hardware installation, High-security lock systems, Smart home security upgrade, Residential locksmith service, Commercial smart lock installation, Front entrance smart lock, Automated door lock system, Professional lock installation"
https://globallocksmiths.com.au/smart-lock-installation-point-cook/,smart lock installation point cook,"Keyless entry systems, Fingerprint door lock installation, Smart deadbolt installation, Electronic door lock fitting, Biometric door lock setup, Keypad deadbolt upgrade, WiFi door lock installation, Smart lock app configuration, Door prep and mounting, Smart lock Wi-Fi setup, Multi-user access control setup, Door hardware installation, High-security lock systems, Smart home security upgrade, Residential locksmith service, Commercial smart lock installation, Front entrance smart lock, Automated door lock system, Professional lock installation"
https://globallocksmiths.com.au/smart-lock-installation-williams-landing/,smart lock installation williams landing,"Keyless entry systems, Fingerprint door lock installation, Smart deadbolt installation, Electronic door lock fitting, Biometric door lock setup, Keypad deadbolt upgrade, WiFi door lock installation, Smart lock app configuration, Door prep and mounting, Smart lock Wi-Fi setup, Multi-user access control setup, Door hardware installation, High-security lock systems, Smart home security upgrade, Residential locksmith service, Commercial smart lock installation, Front entrance smart lock, Automated door lock system, Professional lock installation"
https://globallocksmiths.com.au/smart-lock-installation-truganina/,smart lock installation truganina,"Keyless entry systems, Fingerprint door lock installation, Smart deadbolt installation, Electronic door lock fitting, Biometric door lock setup, Keypad deadbolt upgrade, WiFi door lock installation, Smart lock app configuration, Door prep and mounting, Smart lock Wi-Fi setup, Multi-user access control setup, Door hardware installation, High-security lock systems, Smart home security upgrade, Residential locksmith service, Commercial smart lock installation, Front entrance smart lock, Automated door lock system, Professional lock installation"
https://globallocksmiths.com.au/smart-lock-installation-tarneit/,smart lock installation tarneit,"Keyless entry systems, Fingerprint door lock installation, Smart deadbolt installation, Electronic door lock fitting, Biometric door lock setup, Keypad deadbolt upgrade, WiFi door lock installation, Smart lock app configuration, Door prep and mounting, Smart lock Wi-Fi setup, Multi-user access control setup, Door hardware installation, High-security lock systems, Smart home security upgrade, Residential locksmith service, Commercial smart lock installation, Front entrance smart lock, Automated door lock system, Professional lock installation"
https://globallocksmiths.com.au/smart-lock-installation-hoppers-crossing/,smart lock installation hoppers crossing,"Keyless entry systems, Fingerprint door lock installation, Smart deadbolt installation, Electronic door lock fitting, Biometric door lock setup, Keypad deadbolt upgrade, WiFi door lock installation, Smart lock app configuration, Door prep and mounting, Smart lock Wi-Fi setup, Multi-user access control setup, Door hardware installation, High-security lock systems, Smart home security upgrade, Residential locksmith service, Commercial smart lock installation, Front entrance smart lock, Automated door lock system, Professional lock installation"
https://globallocksmiths.com.au/smart-lock-installation-werribee/,smart lock installation werribee,"Keyless entry systems, Fingerprint door lock installation, Smart deadbolt installation, Electronic door lock fitting, Biometric door lock setup, Keypad deadbolt upgrade, WiFi door lock installation, Smart lock app configuration, Door prep and mounting, Smart lock Wi-Fi setup, Multi-user access control setup, Door hardware installation, High-security lock systems, Smart home security upgrade, Residential locksmith service, Commercial smart lock installation, Front entrance smart lock, Automated door lock system, Professional lock installation"
https://globallocksmiths.com.au/smart-lock-installation-wyndham-vale/,smart lock installation wyndham vale,"Keyless entry systems, Fingerprint door lock installation, Smart deadbolt installation, Electronic door lock fitting, Biometric door lock setup, Keypad deadbolt upgrade, WiFi door lock installation, Smart lock app configuration, Door prep and mounting, Smart lock Wi-Fi setup, Multi-user access control setup, Door hardware installation, High-security lock systems, Smart home security upgrade, Residential locksmith service, Commercial smart lock installation, Front entrance smart lock, Automated door lock system, Professional lock installation"
